<!--Fri Aug  7 22:39:06 2015-->
    <configuration>
    
    <property>
      <name>fs.defaultFS</name>
      <value>hdfs://analyticscp1dev</value>
      <final>true</final>
    </property>
    
    <property>
      <name>fs.trash.interval</name>
      <value>360</value>
    </property>
    
    <property>
      <name>ha.failover-controller.active-standby-elector.zk.op.retries</name>
      <value>120</value>
    </property>
    
    <property>
      <name>ha.zookeeper.quorum</name>
      <value>bpaascp1devhivezkjournal01.bpaas.local:2181,bpaascp1devknoxhuezk01.bpaas.local:2181,bpaascp1devooziezk01.bpaas.local:2181,bpaascp1devhbasezk01.bpaas.local:2181,bpaascp1devhbasezk02.bpaas.local:2181</value>
    </property>
    
    <property>
      <name>hadoop.http.authentication.simple.anonymous.allowed</name>
      <value>true</value>
    </property>
    
    <property>
      <name>hadoop.proxyuser.bdse.groups</name>
      <value>*</value>
    </property>
    
    <property>
      <name>hadoop.proxyuser.bdse.hosts</name>
      <value>*</value>
    </property>
    
    <property>
      <name>hadoop.proxyuser.falcon.groups</name>
      <value>*</value>
    </property>
    
    <property>
      <name>hadoop.proxyuser.falcon.hosts</name>
      <value>*</value>
    </property>
    
    <property>
      <name>hadoop.proxyuser.hcat.groups</name>
      <value>*</value>
    </property>
    
    <property>
      <name>hadoop.proxyuser.hcat.hosts</name>
      <value>bpaascp1devhiveoozieknoxha01.bpaas.local,bpaascp1devhivezkjournal01.bpaas.local</value>
    </property>
    
    <property>
      <name>hadoop.proxyuser.hive.groups</name>
      <value>*</value>
    </property>
    
    <property>
      <name>hadoop.proxyuser.hive.hosts</name>
      <value>bpaascp1devhiveoozieknoxha01.bpaas.local,bpaascp1devhivezkjournal01.bpaas.local</value>
    </property>
    
    <property>
      <name>hadoop.proxyuser.httpfs.groups</name>
      <value>*</value>
    </property>
    
    <property>
      <name>hadoop.proxyuser.httpfs.hosts</name>
      <value>*</value>
    </property>
    
    <property>
      <name>hadoop.proxyuser.hue.groups</name>
      <value>*</value>
    </property>
    
    <property>
      <name>hadoop.proxyuser.hue.hosts</name>
      <value>*</value>
    </property>
    
    <property>
      <name>hadoop.proxyuser.oozie.groups</name>
      <value>*</value>
    </property>
    
    <property>
      <name>hadoop.proxyuser.oozie.hosts</name>
      <value>*</value>
    </property>
    
    <property>
      <name>hadoop.proxyuser.root.groups</name>
      <value>*</value>
    </property>
    
    <property>
      <name>hadoop.proxyuser.root.hosts</name>
      <value>*</value>
    </property>
    
    <property>
      <name>hadoop.security.auth_to_local</name>
      <value>RULE:[2:$1@$0]([rn]m@.*)s/.*/yarn/
 RULE:[2:$1@$0](jhs@.*)s/.*/mapred/
 RULE:[2:$1@$0]([nd]n@.*)s/.*/hdfs/
 RULE:[2:$1@$0](hm@.*)s/.*/hbase/
 RULE:[2:$1@$0](rs@.*)s/.*/hbase/
 DEFAULT</value>
    </property>
    
    <property>
      <name>hadoop.security.authentication</name>
      <value>simple</value>
    </property>
    
    <property>
      <name>hadoop.security.authorization</name>
      <value>false</value>
    </property>
    
    <property>
      <name>io.compression.codecs</name>
      <value>org.apache.hadoop.io.compress.GzipCodec,org.apache.hadoop.io.compress.DefaultCodec,org.apache.hadoop.io.compress.SnappyCodec</value>
    </property>
    
    <property>
      <name>io.file.buffer.size</name>
      <value>131072</value>
    </property>
    
    <property>
      <name>io.serializations</name>
      <value>org.apache.hadoop.io.serializer.WritableSerialization</value>
    </property>
    
    <property>
      <name>ipc.client.connect.max.retries</name>
      <value>50</value>
    </property>
    
    <property>
      <name>ipc.client.connection.maxidletime</name>
      <value>30000</value>
    </property>
    
    <property>
      <name>ipc.client.idlethreshold</name>
      <value>8000</value>
    </property>
    
    <property>
      <name>ipc.server.tcpnodelay</name>
      <value>true</value>
    </property>
    
    <property>
      <name>mapreduce.jobtracker.webinterface.trusted</name>
      <value>false</value>
    </property>
    
    <property>
      <name>proxyuser_group</name>
      <value>users</value>
    </property>
    
  </configuration>