<configuration>

<property>
<name>dashboard.sql.hostname</name>
<value>10.116.123.127</value>
</property>

<property>
<name>dashboard.sql.port</name>
<value>3306</value>
</property>

<property>
<name>dashboard.sql.database</name>
<value>metricsdashboard</value>
</property>

<property>
<name>dashboard.sql.username</name>
<value>dashing</value>
</property>

<property>
<name>dashboard.sql.password</name>
<value>dashing</value>
</property>

<property>
<name>dashboard.ambari.version</name>
<value>1.6</value>
</property>

<property>
<name>dashboard.proxy</name>
<value>true</value>
</property>

<property>
<name>dashboard.datacenter</name>
<value>ASH2</value>
</property>

<property>
<name>dashboard.ambari.server.url</name>
<value>https://ambari-bpaas-prod.ash2.symcpe.net</value>
</property>

<property>
<name>dashboard.ambari.uid</name>
<value>balaji_ganesula</value>
</property>

<property>
<name>dashboard.ambari.password</name>
<value>Bobby1030kanna@</value>
</property>

<property>
<name>dashboard.puma.metrics.enable</name>
<value>false</value>
</property>

<property>
<name>dashboard.arp.metrics.frequency</name>
<value>30000000</value>
</property>


<property>
<name>dashboard.service.info.frequency</name>
<value>300000</value>
</property>


<property>
<name>dashboard.puma.metrics.frequency</name>
<value>600000</value>
</property>

<property>
<name>dashboard.hive2.hostname</name>
<value>b0c004ash2003.prod.symcpe.net</value>
</property>

<property>
<name>dashboard.hive2.port</name>
<value>10000</value>
</property>

<property>
<name>dashboard.hive2.username</name>
<value>balaji_ganesula</value>
</property>

<property>
<name>dashboard.hive2.password</name>
<value>Bobby1030kanna@</value>
</property>

<property>
<name>dashboard.puma.job.queue.name</name>
<value>default</value>
</property>


<property>
<name>dashboard.cluster.webhdfs.uri</name>
<value>webhdfs://10.50.144.67:50070</value>
</property>


<property>
<name>dashboard.cluster.hdfs.path</name>
<value>/domains/star/idc/,/domains/star/idc/orig</value>
</property>

<property>
<name>dashboard.cluster.size.flag</name>
<value>false</value>
</property>

<property>
<name>dashboard.influxdb.url</name>
<value>http://100.73.96.111:8086</value>
</property>

<property>
<name>dashboard.influxdb.username</name>
<value>admin</value>
</property>

<property>
<name>dashboard.alerts.emailid</name>
<value>balaji_ganesula@symantec.com</value>
</property>

<property>
<name>dashboard.influxdb.password</name>
<value>admin</value>
</property>

<property>
<name>dashboard.influxdb.database</name>
<value>metricsdashboard</value>
</property>


<property>
<name>dashboard.idc.partition.name</name>
<value>server_date,query_date</value>
</property>


<property>
<name>dashboard.idc.metrics.frequency</name>
<value>600000</value>
</property>

<property>
<name>dashboard.idc.metrics.enable</name>
<value>true</value>
</property>

<property>
<name>dashboard.ava.metrics.components</name>
<value>hdfs,yarn,zookeeper,oozie,hive</value>
</property>

</configuration>